case_path	baseline_category	baseline_reason_unverified	owner_title	owner_url	local_status
_01_utility/_01_sqlx/bug_cubridsus2018	C	';run' session command loses statement history ('ERROR: No statement to execute.')	csql 출력·이력·실행계획 TC 계열 — 원본 재현과 렌더링 호환	https://github.com/xmilex-git/workspace/issues/225	recheck_required
_01_utility/_11_killtran/itrack_10002	A	killtran output has no 'cub_cas' program name so TC's kill-by-username loop never triggers	CAS·SHARD 가정 TC 이행 — 상태 조회·프로세스·로그 기대값 갱신	https://github.com/xmilex-git/workspace/issues/223	recheck_required
_01_utility/_14_lockdb/itrack_10001	C	'SET TRANSACTION ISOLATION LEVEL' no longer prints the 'Isolation level set to: X' confirmation line	CS·CCI·접속 오류 TC 계열 — 유틸 접속·재시도·결과 정합성	https://github.com/xmilex-git/workspace/issues/227	recheck_required
_01_utility/_17_loaddb/itrack_10009	NEW		loaddb·쿼리 결과·관리 유틸 TC 계열 — serial·덤프·시맨틱 정합성	https://github.com/xmilex-git/workspace/issues/230	recheck_required
_01_utility/_38_csql/_enhance_csql03	A	csql --sysadm self-kill (;k / ;k 1 / ;res) sequence no longer produces the expected 1 ERROR line	CAS·SHARD 가정 TC 이행 — 상태 조회·프로세스·로그 기대값 갱신	https://github.com/xmilex-git/workspace/issues/223	recheck_required
_01_utility/_38_csql/csql_checkpoint	NEW		csql 출력·이력·실행계획 TC 계열 — 원본 재현과 렌더링 호환	https://github.com/xmilex-git/workspace/issues/225	recheck_required
_01_utility/_38_csql/csql_commit_rollback	NEW		csql 출력·이력·실행계획 TC 계열 — 원본 재현과 렌더링 호환	https://github.com/xmilex-git/workspace/issues/225	recheck_required
_01_utility/_38_csql/csql_hist	C	communication histogram session commands (;.h on / ;xr / ;.x) not functional in thin csql	csql histogram·드라이버 상세 계측 — 세션 귀속·권한·초기화 복구	https://github.com/xmilex-git/workspace/issues/224	recheck_required
_01_utility/_38_csql/csql_hist_01	C	communication histogram session commands (;.h on / ;xr / ;.x) not functional in thin csql	csql histogram·드라이버 상세 계측 — 세션 귀속·권한·초기화 복구	https://github.com/xmilex-git/workspace/issues/224	recheck_required
_01_utility/_38_csql/csql_history	C	csql statement-history session command (;run/;history family) behavior differs in thin client	csql 출력·이력·실행계획 TC 계열 — 원본 재현과 렌더링 호환	https://github.com/xmilex-git/workspace/issues/225	recheck_required
_01_utility/_38_csql/csql_kill	A	csql ';k' self/other-session kill semantics differ without separate CAS process	CAS·SHARD 가정 TC 이행 — 상태 조회·프로세스·로그 기대값 갱신	https://github.com/xmilex-git/workspace/issues/223	recheck_required
_01_utility/_38_csql/csql_restart	NEW		csql 출력·이력·실행계획 TC 계열 — 원본 재현과 렌더링 호환	https://github.com/xmilex-git/workspace/issues/225	recheck_required
_01_utility/_40_broker/broker	A	cubrid_broker add/drop/restart <broker> rejected with 'is a direct-handoff front (no CAS pool)'; broker_log_top on nonexistent CAS sql.log	CAS·SHARD 가정 TC 이행 — 상태 조회·프로세스·로그 기대값 갱신	https://github.com/xmilex-git/workspace/issues/223	recheck_required
_03_itrack/itrack_1001685	B	direct CS-mode db_restart() (libcubridcs, bypasses broker) fails with bare 'error db_restart()', no further diagnostic text captured in log	CS·CCI·접속 오류 TC 계열 — 유틸 접속·재시도·결과 정합성	https://github.com/xmilex-git/workspace/issues/227	recheck_required
_03_itrack/itrack_1002718	E	block_ddl_statement / block_nowhere_statement parameters no longer block the statement (expected ERROR, got 'Execute OK')	CI test_shell 1차 안정화 — 제품 수정 검증과 잔여 TC 계열 이관	https://github.com/xmilex-git/workspace/issues/211	verified_pass_d1cf63b06
_04_misc/_05_query_cache/itrack_10001	C	'Histogram commands are not supported by this csql.' — ;.h on/;xr/;.x no-ops, Num_data_page_fetches never printed	csql histogram·드라이버 상세 계측 — 세션 귀속·권한·초기화 복구	https://github.com/xmilex-git/workspace/issues/224	recheck_required
_04_misc/_05_query_cache/itrack_10002	C	';.h on' silently a no-op in non-interactive (heredoc) csql; no Num_data_page_fetches ever printed	csql histogram·드라이버 상세 계측 — 세션 귀속·권한·초기화 복구	https://github.com/xmilex-git/workspace/issues/224	recheck_required
_04_misc/_05_query_cache/itrack_10003	C	'Histogram commands are not supported by this csql.' (multiple occurrences)	csql histogram·드라이버 상세 계측 — 세션 귀속·권한·초기화 복구	https://github.com/xmilex-git/workspace/issues/224	recheck_required
_04_misc/_05_query_cache/itrack_10005	NEW		미분류·신규 NOK TC 재판정 — 실제 diff로 담당 계열 확정	https://github.com/xmilex-git/workspace/issues/233	recheck_required
_04_misc/_05_query_cache/itrack_10006	C	'Histogram commands are not supported by this csql.'	csql histogram·드라이버 상세 계측 — 세션 귀속·권한·초기화 복구	https://github.com/xmilex-git/workspace/issues/224	recheck_required
_04_misc/_05_query_cache/itrack_10007	C	'Histogram commands are not supported by this csql.'	csql histogram·드라이버 상세 계측 — 세션 귀속·권한·초기화 복구	https://github.com/xmilex-git/workspace/issues/224	recheck_required
_04_misc/_05_query_cache/itrack_10008	C	'Histogram commands are not supported by this csql.'	csql histogram·드라이버 상세 계측 — 세션 귀속·권한·초기화 복구	https://github.com/xmilex-git/workspace/issues/224	recheck_required
_04_misc/_05_query_cache/itrack_10009	C	'Histogram commands are not supported by this csql.'	csql histogram·드라이버 상세 계측 — 세션 귀속·권한·초기화 복구	https://github.com/xmilex-git/workspace/issues/224	recheck_required
_04_misc/_05_query_cache/itrack_10010	C	'Histogram commands are not supported by this csql.' (multiple)	csql histogram·드라이버 상세 계측 — 세션 귀속·권한·초기화 복구	https://github.com/xmilex-git/workspace/issues/224	recheck_required
_04_misc/_05_query_cache/itrack_10011	K	cubrid createdb failed: stale volume file 'testdb_vinf' already exists in the test case dir from a prior/leftover run, cascading into 'canno	환경·JDBC 로그 변경·시간 플레이키 TC 판정	https://github.com/xmilex-git/workspace/issues/232	recheck_required
_04_misc/_05_query_cache/itrack_10018	C	'Histogram commands are not supported by this csql.'	csql histogram·드라이버 상세 계측 — 세션 귀속·권한·초기화 복구	https://github.com/xmilex-git/workspace/issues/224	recheck_required
_04_misc/_05_query_cache/itrack_10019	NEW		미분류·신규 NOK TC 재판정 — 실제 diff로 담당 계열 확정	https://github.com/xmilex-git/workspace/issues/233	recheck_required
_05_addition/bug_cubridsus2023	B	direct CS-mode client 'active_query' segfaults in db_query_end_internal (src/compat/db_query.c:3653)	CS·CCI·접속 오류 TC 계열 — 유틸 접속·재시도·결과 정합성	https://github.com/xmilex-git/workspace/issues/227	recheck_required
_05_addition/bug_xdbms802	C	csql histogram no longer emits 'Histogram is allowed only for DBA' for a non-DBA user	csql histogram·드라이버 상세 계측 — 세션 귀속·권한·초기화 복구	https://github.com/xmilex-git/workspace/issues/224	recheck_required
_05_addition/bug_xdbms_sus1092	UNEXECUTED	was unexecuted (node hang) in prior run	미분류·신규 NOK TC 재판정 — 실제 diff로 담당 계열 확정	https://github.com/xmilex-git/workspace/issues/233	recheck_required
_05_addition/bug_xdbms_sus1420	C	csql histogram no longer prints 'SERVER EXECUTION STATISTICS' block	csql histogram·드라이버 상세 계측 — 세션 귀속·권한·초기화 복구	https://github.com/xmilex-git/workspace/issues/224	recheck_required
_05_addition/bug_xdbms_sus1545	A	'cubrid broker status -f' no longer reports any CLIENT rows (no CAS pool to enumerate)	CAS·SHARD 가정 TC 이행 — 상태 조회·프로세스·로그 기대값 갱신	https://github.com/xmilex-git/workspace/issues/223	recheck_required
_05_addition/bug_xdbms_sus1660	C	csql histogram error-reporting ('ER' lines) not produced for a large cross-join query, likely because histogram itself is disabled	csql histogram·드라이버 상세 계측 — 세션 귀속·권한·초기화 복구	https://github.com/xmilex-git/workspace/issues/224	recheck_required
_05_addition/bug_xdbms_sus1937	A	'cubrid broker status' output format/line-count differs from the recorded answer (extra 'HANDOFFS' column, no per-CAS rows)	CAS·SHARD 가정 TC 이행 — 상태 조회·프로세스·로그 기대값 갱신	https://github.com/xmilex-git/workspace/issues/223	recheck_required
_05_addition/bug_xdbms_sus1955	C	csql.err client-side error log file gets no 'WARNING' entry even though the error is printed to stdout normally	csql 출력·이력·실행계획 TC 계열 — 원본 재현과 렌더링 호환	https://github.com/xmilex-git/workspace/issues/225	recheck_required
_05_addition/bug_xdbms_sus1964	A	broker error_log directory never created ($CUBRID/log/broker/error_log/*.err missing) though JDBC driver itself reports 'Has been interrupte	CAS·SHARD 가정 TC 이행 — 상태 조회·프로세스·로그 기대값 갱신	https://github.com/xmilex-git/workspace/issues/223	recheck_required
_06_issues/_10_1h/bug_2796	C	';plan detail' session command produces no query-plan/dump text in the thin csql (PrintInfo.exp mechanism)	csql 출력·이력·실행계획 TC 계열 — 원본 재현과 렌더링 호환	https://github.com/xmilex-git/workspace/issues/225	recheck_required
_06_issues/_10_1h/bug_3092	NEW		미분류·신규 NOK TC 재판정 — 실제 diff로 담당 계열 확정	https://github.com/xmilex-git/workspace/issues/233	recheck_required
_06_issues/_10_1h/bug_3427	E	CCI cci_cursor_update() on an updatable holdable cursor reports success but the update is not persisted (select afterward shows the old valu	CS·CCI·접속 오류 TC 계열 — 유틸 접속·재시도·결과 정합성	https://github.com/xmilex-git/workspace/issues/227	recheck_required
_06_issues/_10_1h/bug_3734	A	SIGKILL of a --no-auto-commit csql client mid multi-statement transaction: expected 'Unknown class dba.t1' (rollback of the uncommitted CREA	CAS·SHARD 가정 TC 이행 — 상태 조회·프로세스·로그 기대값 갱신	https://github.com/xmilex-git/workspace/issues/223	recheck_required
_06_issues/_10_2h/bug_xdbms913	NEW		미분류·신규 NOK TC 재판정 — 실제 diff로 담당 계열 확정	https://github.com/xmilex-git/workspace/issues/233	recheck_required
_06_issues/_11_1h/bug_bts_1305	C	';plan detail' produces no Join graph / Query plan output at all (PrintInfo.exp), so downstream 'N command(s) successfully processed.' marke	csql 출력·이력·실행계획 TC 계열 — 원본 재현과 렌더링 호환	https://github.com/xmilex-git/workspace/issues/225	recheck_required
_06_issues/_11_1h/bug_bts_1484	C	';plan detail' produces no Join graph / Query plan output (same PrintInfo.exp mechanism as bug_bts_1305)	csql 출력·이력·실행계획 TC 계열 — 원본 재현과 렌더링 호환	https://github.com/xmilex-git/workspace/issues/225	recheck_required
_06_issues/_11_1h/bug_bts_2166	C	';plan detail' produces no Join graph / Query plan output (same PrintInfo.exp mechanism)	csql 출력·이력·실행계획 TC 계열 — 원본 재현과 렌더링 호환	https://github.com/xmilex-git/workspace/issues/225	recheck_required
_06_issues/_11_1h/bug_bts_2562	C	case 2 (data.result vs data.expect, the actual SELECT result rows captured from the same ';plan detail' PrintInfo.exp session) diverges — li	csql 출력·이력·실행계획 TC 계열 — 원본 재현과 렌더링 호환	https://github.com/xmilex-git/workspace/issues/225	recheck_required
_06_issues/_11_1h/bug_bts_2791	NEW		미분류·신규 NOK TC 재판정 — 실제 diff로 담당 계열 확정	https://github.com/xmilex-git/workspace/issues/233	recheck_required
_06_issues/_11_1h/bug_bts_351	C	';plan detail' produces no Join graph / Query plan output (same PrintInfo.exp mechanism)	csql 출력·이력·실행계획 TC 계열 — 원본 재현과 렌더링 호환	https://github.com/xmilex-git/workspace/issues/225	recheck_required
_06_issues/_11_1h/bug_bts_4033	C	';plan detail' PrintInfo.exp session never reaches the '10 command(s) successfully processed.' marker so the '3 rows selected' count check f	csql 출력·이력·실행계획 TC 계열 — 원본 재현과 렌더링 호환	https://github.com/xmilex-git/workspace/issues/225	recheck_required
_06_issues/_11_1h/bug_bts_4059	C	';plan detail' produces no Join graph / Query plan output (same PrintInfo.exp mechanism)	csql 출력·이력·실행계획 TC 계열 — 원본 재현과 렌더링 호환	https://github.com/xmilex-git/workspace/issues/225	recheck_required
_06_issues/_11_1h/bug_bts_4083	C	';plan detail' produces no Join graph / Query plan output (PrintInfo.exp mechanism)	csql 출력·이력·실행계획 TC 계열 — 원본 재현과 렌더링 호환	https://github.com/xmilex-git/workspace/issues/225	recheck_required
_06_issues/_11_1h/bug_bts_430	C	';plan detail' produces no Join graph / Query plan output (PrintInfo.exp mechanism)	csql 출력·이력·실행계획 TC 계열 — 원본 재현과 렌더링 호환	https://github.com/xmilex-git/workspace/issues/225	recheck_required
_06_issues/_11_1h/bug_bts_4321_1	A	test greps 'ps -f' for 'broker1_cub_cas_N' process names to get per-CAS pids for broker_changer/broker status -f checks; those processes no	CAS·SHARD 가정 TC 이행 — 상태 조회·프로세스·로그 기대값 갱신	https://github.com/xmilex-git/workspace/issues/223	recheck_required
_06_issues/_11_1h/bug_bts_443	C	';plan detail' produces no Join graph / Query plan output (PrintInfo.exp mechanism)	csql 출력·이력·실행계획 TC 계열 — 원본 재현과 렌더링 호환	https://github.com/xmilex-git/workspace/issues/225	recheck_required
_06_issues/_11_1h/bug_bts_4470	C	';plan detail' produces no Join graph / Query plan output (PrintInfo.exp mechanism)	csql 출력·이력·실행계획 TC 계열 — 원본 재현과 렌더링 호환	https://github.com/xmilex-git/workspace/issues/225	recheck_required
_06_issues/_11_1h/bug_bts_4671	C	';plan detail' produces no Join graph / Query plan output (PrintInfo.exp mechanism)	csql 출력·이력·실행계획 TC 계열 — 원본 재현과 렌더링 호환	https://github.com/xmilex-git/workspace/issues/225	recheck_required
_06_issues/_11_1h/bug_bts_4697	F	JDBC 'Request timed out' exception under a 40-thread/20-iteration concurrent load test, expected clean 4-line output	PL/CSQL·JavaSP·대기 TC 계열 — isolation·콜백·동시 접속	https://github.com/xmilex-git/workspace/issues/228	recheck_required
_06_issues/_11_1h/bug_bts_4704	C	';plan detail' produces no Join graph / Query plan output (PrintInfo.exp mechanism)	csql 출력·이력·실행계획 TC 계열 — 원본 재현과 렌더링 호환	https://github.com/xmilex-git/workspace/issues/225	recheck_required
_06_issues/_11_1h/bug_bts_4826	C	PrintInfo.exp/';plan detail' session's captured SELECT result rows (CONNECT BY hierarchical query) missing entirely from actual output	csql 출력·이력·실행계획 TC 계열 — 원본 재현과 렌더링 호환	https://github.com/xmilex-git/workspace/issues/225	recheck_required
_06_issues/_11_1h/bug_bts_4835	C	';plan detail' produces no Join graph / Query plan output (PrintInfo.exp mechanism)	csql 출력·이력·실행계획 TC 계열 — 원본 재현과 렌더링 호환	https://github.com/xmilex-git/workspace/issues/225	recheck_required
_06_issues/_11_1h/bug_bts_4900	C	';plan detail' produces no Join graph / Query plan output (PrintInfo.exp mechanism)	csql 출력·이력·실행계획 TC 계열 — 원본 재현과 렌더링 호환	https://github.com/xmilex-git/workspace/issues/225	recheck_required
_06_issues/_11_1h/bug_bts_5019	NEW		미분류·신규 NOK TC 재판정 — 실제 diff로 담당 계열 확정	https://github.com/xmilex-git/workspace/issues/233	recheck_required
_06_issues/_11_1h/bug_bts_5095	G	case 2 expects 'Failed to connect' in the JDBC exception message when connecting to a never-created database while server/broker are up; mes	CS·CCI·접속 오류 TC 계열 — 유틸 접속·재시도·결과 정합성	https://github.com/xmilex-git/workspace/issues/227	recheck_required
_06_issues/_11_1h/bug_bts_5096	NEW		미분류·신규 NOK TC 재판정 — 실제 diff로 담당 계열 확정	https://github.com/xmilex-git/workspace/issues/233	recheck_required
_06_issues/_11_1h/bug_bts_5097	B	"direct CS-mode client 'obj' (libcubridcs, db_restart(""applylogdb"",0,""foo"")) produces zero stdout at all (insert1.log/select1.log fully empty"	CS·CCI·접속 오류 TC 계열 — 유틸 접속·재시도·결과 정합성	https://github.com/xmilex-git/workspace/issues/227	recheck_required
_06_issues/_11_1h/bug_bts_5452	L	log file is essentially empty (only TEST/NODE/RUNTIME header, 'Test failed', no console output captured); node id itself is '?'	미분류·신규 NOK TC 재판정 — 실제 diff로 담당 계열 확정	https://github.com/xmilex-git/workspace/issues/233	recheck_required
_06_issues/_11_1h/bug_bts_825	C	';plan detail' produces no Join graph / Query plan output (PrintInfo.exp mechanism)	csql 출력·이력·실행계획 TC 계열 — 원본 재현과 렌더링 호환	https://github.com/xmilex-git/workspace/issues/225	recheck_required
_06_issues/_11_1h/bug_xdbms4268	C	csql ';x' execute-and-continue session command intermittently omits the '<N> command(s) successfully processed.' tally line (LOB/autocommit-	csql 출력·이력·실행계획 TC 계열 — 원본 재현과 렌더링 호환	https://github.com/xmilex-git/workspace/issues/225	recheck_required
_06_issues/_11_2h/bug_bts_5423	A	case 6 paramdump diff: actual server parameter list has 3 new/extra entries not in the saved answer -- '[S] ddl_audit_log_size', '[S] cas_sq	CAS·SHARD 가정 TC 이행 — 상태 조회·프로세스·로그 기대값 갱신	https://github.com/xmilex-git/workspace/issues/223	recheck_required
_06_issues/_11_2h/bug_bts_5717	NEW		미분류·신규 NOK TC 재판정 — 실제 diff로 담당 계열 확정	https://github.com/xmilex-git/workspace/issues/233	recheck_required
_06_issues/_11_2h/bug_bts_5783	A	broker_changer SLOW_LOG / SLOW_LOG_DIR rejected with 'Cannot change SLOW_LOG on a direct-handoff broker; CAS execution parameters are server	CAS·SHARD 가정 TC 이행 — 상태 조회·프로세스·로그 기대값 갱신	https://github.com/xmilex-git/workspace/issues/223	recheck_required
_06_issues/_11_2h/bug_bts_5784	UNEXECUTED	was unexecuted (node hang) in prior run	미분류·신규 NOK TC 재판정 — 실제 diff로 담당 계열 확정	https://github.com/xmilex-git/workspace/issues/233	recheck_required
_06_issues/_11_2h/bug_bts_6199	A	'cubrid broker status -f' never shows IDLE/BUSY connection-state columns for a long-running query (no per-CAS state to report)	CAS·SHARD 가정 TC 이행 — 상태 조회·프로세스·로그 기대값 갱신	https://github.com/xmilex-git/workspace/issues/223	recheck_required
_06_issues/_11_2h/bug_bts_6290	G	large (~120MB) BLOB insert via JDBC fails mid-transfer with 'Cannot communicate with the broker', row never persisted	CS·CCI·접속 오류 TC 계열 — 유틸 접속·재시도·결과 정합성	https://github.com/xmilex-git/workspace/issues/227	recheck_required
_06_issues/_11_2h/bug_bts_6347	A	'cubrid broker status -b -f' no longer has per-CAS '*' rows with a numeric request-count column 16 to sum	CAS·SHARD 가정 TC 이행 — 상태 조회·프로세스·로그 기대값 갱신	https://github.com/xmilex-git/workspace/issues/223	recheck_required
_06_issues/_12_1h/bug_bts_6070	NEW		환경·JDBC 로그 변경·시간 플레이키 TC 판정	https://github.com/xmilex-git/workspace/issues/232	recheck_required
_06_issues/_12_1h/bug_bts_6159	C	expected 'skipping' warning for the ';ex' (ambiguous/short) session command no longer appears	csql 출력·이력·실행계획 TC 계열 — 원본 재현과 렌더링 호환	https://github.com/xmilex-git/workspace/issues/225	recheck_required
_06_issues/_12_1h/bug_bts_6364	A	broker per-CAS sql_log file never created; 'query_cancel client ip ... port' line never logged	CAS·SHARD 가정 TC 이행 — 상태 조회·프로세스·로그 기대값 갱신	https://github.com/xmilex-git/workspace/issues/223	recheck_required
_06_issues/_12_1h/bug_bts_6779	A	'cubrid broker status' output has no per-CAS IDLE/CLOSE status entries to count	CAS·SHARD 가정 TC 이행 — 상태 조회·프로세스·로그 기대값 갱신	https://github.com/xmilex-git/workspace/issues/223	recheck_required
_06_issues/_12_1h/bug_bts_6910	A	per-CAS unix domain sockets ($CUBRID/var/CUBRID_SOCK/broker1.1..5) are never created (no CAS pool)	CAS·SHARD 가정 TC 이행 — 상태 조회·프로세스·로그 기대값 갱신	https://github.com/xmilex-git/workspace/issues/223	recheck_required
_06_issues/_12_1h/bug_bts_7592	UNEXECUTED	was unexecuted (node hang) in prior run	미분류·신규 NOK TC 재판정 — 실제 diff로 담당 계열 확정	https://github.com/xmilex-git/workspace/issues/233	recheck_required
_06_issues/_12_1h/bug_bts_8041	F	test framework killed the run after >23 minutes (1388s, over the 10-minute CTP limit); test deliberately points databases.txt at an unreacha	PL/CSQL·JavaSP·대기 TC 계열 — isolation·콜백·동시 접속	https://github.com/xmilex-git/workspace/issues/228	recheck_required
_06_issues/_12_1h/bug_bts_8649	G	overly-long username is no longer rejected client-side before the connection attempt; now fails with the generic adoption-socket connect err	CS·CCI·접속 오류 TC 계열 — 유틸 접속·재시도·결과 정합성	https://github.com/xmilex-git/workspace/issues/227	recheck_required
_06_issues/_12_2h/bug_bts_10045	A	broker_changer APPL_SERVER_MAX_SIZE_HARD_LIMIT change reports unexpected 'fail' outcomes (8 instead of 0) even before the deliberately-inval	CAS·SHARD 가정 TC 이행 — 상태 조회·프로세스·로그 기대값 갱신	https://github.com/xmilex-git/workspace/issues/223	recheck_required
_06_issues/_12_2h/bug_bts_10260	A	broker_changer APPL_SERVER_MAX_SIZE_HARD_LIMIT no longer produces the 'must be between 1 and 2097151' validation message for an out-of-range	CAS·SHARD 가정 TC 이행 — 상태 조회·프로세스·로그 기대값 갱신	https://github.com/xmilex-git/workspace/issues/223	recheck_required
_06_issues/_12_2h/bug_bts_6987	NEW		미분류·신규 NOK TC 재판정 — 실제 diff로 담당 계열 확정	https://github.com/xmilex-git/workspace/issues/233	recheck_required
_06_issues/_12_2h/bug_bts_7549	A	broker per-CAS sql_log file (broker1*.log) never created under a MIN/MAX_NUM_APPL_SERVER=5 config	CAS·SHARD 가정 TC 이행 — 상태 조회·프로세스·로그 기대값 갱신	https://github.com/xmilex-git/workspace/issues/223	recheck_required
_06_issues/_12_2h/bug_bts_7625	E	csql ';set access_ip_control=y' now errors ('error: set access_ip_control=y') instead of succeeding	세션·설정 파일 TC 계열 — client-only 값·locale·설정 우선순위	https://github.com/xmilex-git/workspace/issues/226	recheck_required
_06_issues/_12_2h/bug_bts_7666	A	broker per-CAS sql_log/error_log files never created ('prepare srv_h_id error:-494', 'was not found', 'COMMUNICATION ERROR net_read_header',	CAS·SHARD 가정 TC 이행 — 상태 조회·프로세스·로그 기대값 갱신	https://github.com/xmilex-git/workspace/issues/223	recheck_required
_06_issues/_12_2h/bug_bts_7956	A	expects a JDBC queryTimeout parameter (':?queryTimeout=60001') recorded in the per-CAS sql_log; log file/content absent	CAS·SHARD 가정 TC 이행 — 상태 조회·프로세스·로그 기대값 갱신	https://github.com/xmilex-git/workspace/issues/223	recheck_required
_06_issues/_12_2h/bug_bts_8144	NEW		환경·JDBC 로그 변경·시간 플레이키 TC 판정	https://github.com/xmilex-git/workspace/issues/232	recheck_required
_06_issues/_12_2h/bug_bts_8303	H	cub_server segfaults at startup inside the new master connector's epoll wait loop (cubconn::master::connector::run -> execute -> cubsocket::	코어·MERGE·클라이언트 kill TC 계열 — 종료 시그니처 판정	https://github.com/xmilex-git/workspace/issues/229	recheck_required
_06_issues/_12_2h/bug_bts_8351	A	broker/server log files are not recreated after deletion under sustained concurrent load: 'log File is not exist' fires 10000 times (r2), an	CAS·SHARD 가정 TC 이행 — 상태 조회·프로세스·로그 기대값 갱신	https://github.com/xmilex-git/workspace/issues/223	recheck_required
_06_issues/_12_2h/bug_bts_8563	NEW		미분류·신규 NOK TC 재판정 — 실제 diff로 담당 계열 확정	https://github.com/xmilex-git/workspace/issues/233	recheck_required
_06_issues/_12_2h/bug_bts_8907	A	a CCI client reconnecting after a mid-session 'cubrid server stop/start' gets 'cci_prepare fail: -20004' instead of the expected retryable '	CAS·SHARD 가정 TC 이행 — 상태 조회·프로세스·로그 기대값 갱신	https://github.com/xmilex-git/workspace/issues/223	recheck_required
_06_issues/_12_2h/bug_bts_8973	A	same recurring '-20004' CCI reconnect error after mid-session server restart as bug_bts_8907 (test explicitly asserts 20004 must NOT appear)	CAS·SHARD 가정 TC 이행 — 상태 조회·프로세스·로그 기대값 갱신	https://github.com/xmilex-git/workspace/issues/223	recheck_required
_06_issues/_12_2h/bug_bts_9010	G	expected client-side message 'Your transaction has been aborted by the system due to server failure or mode change' does not appear in csql	CS·CCI·접속 오류 TC 계열 — 유틸 접속·재시도·결과 정합성	https://github.com/xmilex-git/workspace/issues/227	recheck_required
_06_issues/_12_2h/bug_bts_9478	A	'cubrid broker status' never shows the expected number of per-CAS CLOSE_WAIT rows	CAS·SHARD 가정 TC 이행 — 상태 조회·프로세스·로그 기대값 갱신	https://github.com/xmilex-git/workspace/issues/223	recheck_required
_06_issues/_12_2h/bug_bts_9602_1	A	'cubrid broker status' no longer prints the per-CAS 'ID PID QPS PSIZE STATUS' table header/columns	CAS·SHARD 가정 TC 이행 — 상태 조회·프로세스·로그 기대값 갱신	https://github.com/xmilex-git/workspace/issues/223	recheck_required
_06_issues/_12_2h/bug_bts_9602_2	UNEXECUTED	was unexecuted (node hang) in prior run	미분류·신규 NOK TC 재판정 — 실제 diff로 담당 계열 확정	https://github.com/xmilex-git/workspace/issues/233	recheck_required
_06_issues/_12_2h/bug_bts_9602_3	A	'cubrid broker status' never shows the per-CAS CLOSE_WAIT state after a client is killed (same family as bug_bts_9478/bug_bts_6199)	CAS·SHARD 가정 TC 이행 — 상태 조회·프로세스·로그 기대값 갱신	https://github.com/xmilex-git/workspace/issues/223	recheck_required
_06_issues/_12_2h/bug_bts_9611	L	case 3 (Test_Multi.java, run after a 'cubrid broker start' with the broker already running) expects a 'CAS...SESSION...URL' pattern in a JDB	운영 호환 구현 잔여 — 로그·동적 제어·접속 종류·query replace	https://github.com/xmilex-git/workspace/issues/222	recheck_required
_06_issues/_12_2h/bug_bts_9967	E	'update statistics on t1;' no longer prints the 'Statistics updated successfully: 1 table, 1 column.' confirmation message (same family as t	csql 출력·이력·실행계획 TC 계열 — 원본 재현과 렌더링 호환	https://github.com/xmilex-git/workspace/issues/225	recheck_required
_06_issues/_13_1h/bug_bts_10055	C	interactive csql session ending with ';ex' no longer prints the '<N> command(s) successfully processed.' tally line (9 of 9 interactive case	csql 출력·이력·실행계획 TC 계열 — 원본 재현과 렌더링 호환	https://github.com/xmilex-git/workspace/issues/225	recheck_required
_06_issues/_13_1h/bug_bts_10073	G	connecting to an unknown database now returns the generic 'cannot connect to the server adoption socket' error instead of 'Failed to connect	CS·CCI·접속 오류 TC 계열 — 유틸 접속·재시도·결과 정합성	https://github.com/xmilex-git/workspace/issues/227	recheck_required
_06_issues/_13_1h/bug_bts_10181	A	broker per-CAS sql_log file never created; 'CAS MEMORY USAGE ... HAS EXCEEDED MAX SIZE' never logged	CAS·SHARD 가정 TC 이행 — 상태 조회·프로세스·로그 기대값 갱신	https://github.com/xmilex-git/workspace/issues/223	recheck_required
_06_issues/_13_1h/bug_bts_10234	G	CCI connect to a nonexistent database returns error -20004 'Cannot communicate with server' instead of the expected -677 'Failed to connect	CS·CCI·접속 오류 TC 계열 — 유틸 접속·재시도·결과 정합성	https://github.com/xmilex-git/workspace/issues/227	recheck_required
_06_issues/_13_1h/bug_bts_10235	A	'cubrid broker status -f -b' has no 'broker1' row/columns to parse for total/wait CAS counts under MIN/MAX_NUM_APPL_SERVER config	CAS·SHARD 가정 TC 이행 — 상태 조회·프로세스·로그 기대값 갱신	https://github.com/xmilex-git/workspace/issues/223	recheck_required
_06_issues/_13_1h/bug_bts_10274	NEW		미분류·신규 NOK TC 재판정 — 실제 diff로 담당 계열 확정	https://github.com/xmilex-git/workspace/issues/233	recheck_required
_06_issues/_13_1h/bug_bts_10502	A	JDBC connection to a stored-procedure-enabled db fails outright with 'Attempt to use a not supported service' instead of completing the Main	CAS·SHARD 가정 TC 이행 — 상태 조회·프로세스·로그 기대값 갱신	https://github.com/xmilex-git/workspace/issues/223	recheck_required
_06_issues/_13_1h/bug_bts_10503	A	same 'Attempt to use a not supported service' JDBC failure as bug_bts_10502 (shared Main/DbTest/StressSchemaHelper functional-suite test fam	CAS·SHARD 가정 TC 이행 — 상태 조회·프로세스·로그 기대값 갱신	https://github.com/xmilex-git/workspace/issues/223	recheck_required
_06_issues/_13_1h/bug_bts_10505	A	same 'Attempt to use a not supported service' JDBC failure family (Main/DbTest test suite)	CAS·SHARD 가정 TC 이행 — 상태 조회·프로세스·로그 기대값 갱신	https://github.com/xmilex-git/workspace/issues/223	recheck_required
_06_issues/_13_1h/bug_bts_10506	NEW		미분류·신규 NOK TC 재판정 — 실제 diff로 담당 계열 확정	https://github.com/xmilex-git/workspace/issues/233	recheck_required
_06_issues/_13_1h/bug_bts_10507	A	same 'Attempt to use a not supported service' JDBC failure family (Main/DbTest test suite)	CAS·SHARD 가정 TC 이행 — 상태 조회·프로세스·로그 기대값 갱신	https://github.com/xmilex-git/workspace/issues/223	recheck_required
_06_issues/_13_1h/bug_bts_10509	A	same 'Attempt to use a not supported service' JDBC failure family (Main/DbTest test suite)	CAS·SHARD 가정 TC 이행 — 상태 조회·프로세스·로그 기대값 갱신	https://github.com/xmilex-git/workspace/issues/223	recheck_required
_06_issues/_13_1h/bug_bts_10519	A	same 'Attempt to use a not supported service' JDBC failure family (Main/DbTest test suite)	CAS·SHARD 가정 TC 이행 — 상태 조회·프로세스·로그 기대값 갱신	https://github.com/xmilex-git/workspace/issues/223	recheck_required
_06_issues/_13_1h/bug_bts_10521	A	same shared JDBC functional-suite Main test used by bug_bts_10502/10503/10505/10507/10509/10519 comes back empty for the 'Holdable results m	CAS·SHARD 가정 TC 이행 — 상태 조회·프로세스·로그 기대값 갱신	https://github.com/xmilex-git/workspace/issues/223	recheck_required
_06_issues/_13_1h/bug_bts_10721	G	JDBC connect error code changed from -353 to -21112 for scenario 1 (broker up, server/service down)	CS·CCI·접속 오류 TC 계열 — 유틸 접속·재시도·결과 정합성	https://github.com/xmilex-git/workspace/issues/227	recheck_required
_06_issues/_13_1h/bug_bts_10773	A	broker error_log directory never created; 'A database has not been restarted' message expected during a mid-session server restart never app	CAS·SHARD 가정 TC 이행 — 상태 조회·프로세스·로그 기대값 갱신	https://github.com/xmilex-git/workspace/issues/223	recheck_required
_06_issues/_13_1h/bug_bts_10818	NEW		환경·JDBC 로그 변경·시간 플레이키 TC 판정	https://github.com/xmilex-git/workspace/issues/232	recheck_required
_06_issues/_13_1h/bug_bts_10851	F	OverflowBrokerJobQueue java client (testing MIN/MAX_NUM_APPL_SERVER=1 job-queue overflow behavior) runs the full 300s 'timeout' without comp	PL/CSQL·JavaSP·대기 TC 계열 — isolation·콜백·동시 접속	https://github.com/xmilex-git/workspace/issues/228	recheck_required
_06_issues/_13_1h/bug_bts_11524	A	cubrid broker status -f column 14 (client CAS version) empty/missing	CAS·SHARD 가정 TC 이행 — 상태 조회·프로세스·로그 기대값 갱신	https://github.com/xmilex-git/workspace/issues/223	recheck_required
_06_issues/_13_1h/bug_bts_11548	NEW		CI test_shell 1차 안정화 — 제품 수정 검증과 잔여 TC 계열 이관	https://github.com/xmilex-git/workspace/issues/211	verified_pass_54126c187
_06_issues/_13_1h/bug_bts_9491	E	plan-dump diff: extra/reordered 'Statistics updated successfully' and error-message ordering	csql 출력·이력·실행계획 TC 계열 — 원본 재현과 렌더링 호환	https://github.com/xmilex-git/workspace/issues/225	recheck_required
_06_issues/_13_1h/bug_bts_9585	G	query cancel via broker times out; broker SQL log path missing	CS·CCI·접속 오류 TC 계열 — 유틸 접속·재시도·결과 정합성	https://github.com/xmilex-git/workspace/issues/227	recheck_required
_06_issues/_13_1h/bug_bts_9593	L	multiple sub-case NOKs, no single clear diff isolated in time available	미분류·신규 NOK TC 재판정 — 실제 diff로 담당 계열 확정	https://github.com/xmilex-git/workspace/issues/233	recheck_required
_06_issues/_13_1h/bug_bts_9655	A	tranlist_invalid diff + 'Unknown class' drop message includes stale CAS INFO tag	CAS·SHARD 가정 TC 이행 — 상태 조회·프로세스·로그 기대값 갱신	https://github.com/xmilex-git/workspace/issues/223	recheck_required
_06_issues/_13_1h/bug_bts_9692	G	csql SELECT fails with 'cannot connect to the server adoption socket' right after a JDBC batch-deadlock stress test, though server is up	CS·CCI·접속 오류 TC 계열 — 유틸 접속·재시도·결과 정합성	https://github.com/xmilex-git/workspace/issues/227	recheck_required
_06_issues/_13_1h/bug_bts_9771	E	insert-with-subquery plan dump has 2 extra 'Statistics updated successfully' lines vs answer	csql 출력·이력·실행계획 TC 계열 — 원본 재현과 렌더링 호환	https://github.com/xmilex-git/workspace/issues/225	recheck_required
_06_issues/_13_2h/bug_bts_10665	E	server .err log missing the SQL_ID-tagged 'Query execution error' line the TC greps for	운영 호환 구현 잔여 — 로그·동적 제어·접속 종류·query replace	https://github.com/xmilex-git/workspace/issues/222	recheck_required
_06_issues/_13_2h/bug_bts_11351	C	cubrid plandump 'sql user text' entries now include trailing semicolon and differ in ordering	csql 출력·이력·실행계획 TC 계열 — 원본 재현과 렌더링 호환	https://github.com/xmilex-git/workspace/issues/225	recheck_required
_06_issues/_13_2h/bug_bts_11841	L	CCI multi-thread test suite: 'COUNT: 0' occurs 2 times instead of expected 3	CS·CCI·접속 오류 TC 계열 — 유틸 접속·재시도·결과 정합성	https://github.com/xmilex-git/workspace/issues/227	recheck_required
_06_issues/_13_2h/bug_bts_11918	E	trigger EXECUTE AFTER print action output missing once (out of 2 expected occurrences)	csql 출력·이력·실행계획 TC 계열 — 원본 재현과 렌더링 호환	https://github.com/xmilex-git/workspace/issues/225	recheck_required
_06_issues/_13_2h/bug_bts_12003	D	broker refuses to start/stop with shard config: 'config error, shard1, SHARD is not supported'	CAS·SHARD 가정 TC 이행 — 상태 조회·프로세스·로그 기대값 갱신	https://github.com/xmilex-git/workspace/issues/223	recheck_required
_06_issues/_13_2h/bug_bts_12148	A	charSet=euckr connection param no longer resolves en_US/ksc-euc locale combination	CAS·SHARD 가정 TC 이행 — 상태 조회·프로세스·로그 기대값 갱신	https://github.com/xmilex-git/workspace/issues/223	recheck_required
_06_issues/_13_2h/bug_bts_12253	C	server-shutdown-during-session disconnect message not written to csql.err	csql 출력·이력·실행계획 TC 계열 — 원본 재현과 렌더링 호환	https://github.com/xmilex-git/workspace/issues/225	recheck_required
_06_issues/_13_2h/bug_bts_12516	UNEXECUTED	was unexecuted (node hang) in prior run	미분류·신규 NOK TC 재판정 — 실제 diff로 담당 계열 확정	https://github.com/xmilex-git/workspace/issues/233	recheck_required
_06_issues/_13_2h/bug_bts_9617	L	insufficient time to isolate case 2/3 failing diff	미분류·신규 NOK TC 재판정 — 실제 diff로 담당 계열 확정	https://github.com/xmilex-git/workspace/issues/233	recheck_required
_06_issues/_14_1h/bug_bts_10046	A	broker admin_change_conf on APPL_SERVER_MAX_SIZE now rejected as a server-side (cas_*) parameter	CAS·SHARD 가정 TC 이행 — 상태 조회·프로세스·로그 기대값 갱신	https://github.com/xmilex-git/workspace/issues/223	recheck_required
_06_issues/_14_1h/bug_bts_10047	A	broker changeconf on SQL_LOG_MAX_SIZE/LONG_QUERY_TIME/LONG_TRANSACTION_TIME/TIME_TO_KILL/SQL_LOG2 all rejected as server-side (cas_*) params	CAS·SHARD 가정 TC 이행 — 상태 조회·프로세스·로그 기대값 갱신	https://github.com/xmilex-git/workspace/issues/223	recheck_required
_06_issues/_14_1h/bug_bts_11201	NEW		미분류·신규 NOK TC 재판정 — 실제 diff로 담당 계열 확정	https://github.com/xmilex-git/workspace/issues/233	recheck_required
_06_issues/_14_1h/bug_bts_11649	A	broker changeconf on LONG_QUERY_TIME/LONG_TRANSACTION_TIME rejected as server-side (cas_*) params	CAS·SHARD 가정 TC 이행 — 상태 조회·프로세스·로그 기대값 갱신	https://github.com/xmilex-git/workspace/issues/223	recheck_required
_06_issues/_14_1h/bug_bts_11650	D	broker start fails: 'config error, shard1, SHARD is not supported'	CAS·SHARD 가정 TC 이행 — 상태 조회·프로세스·로그 기대값 갱신	https://github.com/xmilex-git/workspace/issues/223	recheck_required
_06_issues/_14_1h/bug_bts_11932	D	shard-hinted SQL script (/*+ shard_id(0) */) produces no output at all vs full expected transcript	CAS·SHARD 가정 TC 이행 — 상태 조회·프로세스·로그 기대값 갱신	https://github.com/xmilex-git/workspace/issues/223	recheck_required
_06_issues/_14_1h/bug_bts_12558	A	broker sql_log directory/file layout missing: 'connect db' entries never captured	CAS·SHARD 가정 TC 이행 — 상태 조회·프로세스·로그 기대값 갱신	https://github.com/xmilex-git/workspace/issues/223	recheck_required
_06_issues/_14_1h/bug_bts_12563	NEW		미분류·신규 NOK TC 재판정 — 실제 diff로 담당 계열 확정	https://github.com/xmilex-git/workspace/issues/233	recheck_required
_06_issues/_14_1h/bug_bts_12592	NEW		미분류·신규 NOK TC 재판정 — 실제 diff로 담당 계열 확정	https://github.com/xmilex-git/workspace/issues/233	recheck_required
_06_issues/_14_1h/bug_bts_12920	E	plandump 'sql hash text' now dumps full serialized connection-parameter string instead of plain SQL	csql 출력·이력·실행계획 TC 계열 — 원본 재현과 렌더링 호환	https://github.com/xmilex-git/workspace/issues/225	recheck_required
_06_issues/_14_1h/bug_bts_12953	D	SHARD_KEY-hinted prepare/execute script produces no output vs expected 'Prepare SQL'/'execute N - a' transcript	CAS·SHARD 가정 TC 이행 — 상태 조회·프로세스·로그 기대값 갱신	https://github.com/xmilex-git/workspace/issues/223	recheck_required
_06_issues/_14_1h/bug_bts_13223	NEW		미분류·신규 NOK TC 재판정 — 실제 diff로 담당 계열 확정	https://github.com/xmilex-git/workspace/issues/233	recheck_required
_06_issues/_14_1h/bug_bts_13276	E	Java and CCI clients both fetch 3 extra rows (6,7,8) beyond expected result set, before/after a server+broker restart	CS·CCI·접속 오류 TC 계열 — 유틸 접속·재시도·결과 정합성	https://github.com/xmilex-git/workspace/issues/227	recheck_required
_06_issues/_14_1h/bug_bts_13339	A	'show access status' loses per-session client HOSTNAME/program ('csql') identity for all connected users	CAS·SHARD 가정 TC 이행 — 상태 조회·프로세스·로그 기대값 갱신	https://github.com/xmilex-git/workspace/issues/223	recheck_required
_06_issues/_14_1h/bug_bts_13351	J	cci_applier does not self-stop after a SQL apply failure ('cci_applier didn't stop, but we expect it stop')	HA cci_applier 실패 처리 TC — 오류 후 종료·정리 검증	https://github.com/xmilex-git/workspace/issues/231	recheck_required
_06_issues/_14_1h/bug_bts_13357	A	csql interactive ';.h on' (communication histogram) feature unsupported: 'Histogram commands are not supported by this csql'	CAS·SHARD 가정 TC 이행 — 상태 조회·프로세스·로그 기대값 갱신	https://github.com/xmilex-git/workspace/issues/223	recheck_required
_06_issues/_14_1h/bug_bts_13376	G	opening 1000 lazy JDBC connections yields 960 exceptions; test also ran ~1205s (flagged NOK timeout)	CS·CCI·접속 오류 TC 계열 — 유틸 접속·재시도·결과 정합성	https://github.com/xmilex-git/workspace/issues/227	recheck_required
_06_issues/_14_1h/bug_bts_13390	A	every JDBC operation fails (SQLException) when test forces AS-pool reuse via MIN_NUM_APPL_SERVER=1 + repeated reconnect between ops	CAS·SHARD 가정 TC 이행 — 상태 조회·프로세스·로그 기대값 갱신	https://github.com/xmilex-git/workspace/issues/223	recheck_required
_06_issues/_14_1h/bug_bts_13392	A	'show access status' missing HOSTNAME/csql identity AND session intl_date_lang/intl_number_lang/intl_collation come back empty	CAS·SHARD 가정 TC 이행 — 상태 조회·프로세스·로그 기대값 갱신	https://github.com/xmilex-git/workspace/issues/223	recheck_required
_06_issues/_14_1h/bug_bts_13430	C	csql `;ge intl_date_lang` / `;ge intl_number_lang` / `;ge intl_collation` session commands return empty instead of resolved defaults	세션·설정 파일 TC 계열 — client-only 값·locale·설정 우선순위	https://github.com/xmilex-git/workspace/issues/226	recheck_required
_06_issues/_14_1h/bug_bts_14023	C	unique-constraint error message now duplicated into csql.err when TC expects it absent there	csql 출력·이력·실행계획 TC 계열 — 원본 재현과 렌더링 호환	https://github.com/xmilex-git/workspace/issues/225	recheck_required
_06_issues/_14_2h/bug_bts_10511	L	2 CUBRIDExceptions thrown loading bit-varying/BLOB data via JDBC; exact exception text not visible in captured log	미분류·신규 NOK TC 재판정 — 실제 diff로 담당 계열 확정	https://github.com/xmilex-git/workspace/issues/233	recheck_required
_06_issues/_14_2h/bug_bts_12050	UNEXECUTED	was unexecuted (node hang) in prior run	csql 출력·이력·실행계획 TC 계열 — 원본 재현과 렌더링 호환	https://github.com/xmilex-git/workspace/issues/225	recheck_required
_06_issues/_14_2h/bug_bts_13265	A	'cubrid broker status' never reports a CLOSE_WAIT connection state, cascading into a 'cannot connect to database' failure	CAS·SHARD 가정 TC 이행 — 상태 조회·프로세스·로그 기대값 갱신	https://github.com/xmilex-git/workspace/issues/223	recheck_required
_06_issues/_14_2h/bug_bts_13994/err_log_dir	A	broker error_log directory/files missing: '/home/CUBRID/log/broker/error_log/broker1*.err: No such file or directory'	CAS·SHARD 가정 TC 이행 — 상태 조회·프로세스·로그 기대값 갱신	https://github.com/xmilex-git/workspace/issues/223	recheck_required
_06_issues/_14_2h/bug_bts_13994/max_prepared_stmt_count	A	broker changeconf on MAX_PREPARED_STMT_COUNT rejected as a server-side (cas_*) parameter	CAS·SHARD 가정 TC 이행 — 상태 조회·프로세스·로그 기대값 갱신	https://github.com/xmilex-git/workspace/issues/223	recheck_required
_06_issues/_14_2h/bug_bts_13994/session_timeout	A	broker changeconf on SESSION_TIMEOUT rejected as a server-side (cas_*) parameter	CAS·SHARD 가정 TC 이행 — 상태 조회·프로세스·로그 기대값 갱신	https://github.com/xmilex-git/workspace/issues/223	recheck_required
_06_issues/_14_2h/bug_bts_14288	L	not analyzed in time available	미분류·신규 NOK TC 재판정 — 실제 diff로 담당 계열 확정	https://github.com/xmilex-git/workspace/issues/233	recheck_required
_06_issues/_14_2h/bug_bts_14649	A	broker sql_log/query_editor sql_log files missing, driving Count=0 both places	CAS·SHARD 가정 TC 이행 — 상태 조회·프로세스·로그 기대값 갱신	https://github.com/xmilex-git/workspace/issues/223	recheck_required
_06_issues/_14_2h/bug_bts_15093	A	broker sql_log directory/file missing: cp/grep of broker1_1.sql.log fails ('No such file or directory')	CAS·SHARD 가정 TC 이행 — 상태 조회·프로세스·로그 기대값 갱신	https://github.com/xmilex-git/workspace/issues/223	recheck_required
_06_issues/_15_1h/bug_bts_11092	C	csql batch-file output missing '1 command(s) successfully processed.' completion messages	csql 출력·이력·실행계획 TC 계열 — 원본 재현과 렌더링 호환	https://github.com/xmilex-git/workspace/issues/225	recheck_required
_06_issues/_15_1h/bug_bts_13852	E	'update statistics on all classes' missing 'Statistics updated successfully: N tables, M columns (K skipped: histogram type not supported)'	csql 출력·이력·실행계획 TC 계열 — 원본 재현과 렌더링 호환	https://github.com/xmilex-git/workspace/issues/225	recheck_required
_06_issues/_15_1h/bug_bts_14229	C	invalid isolation-level error text ('invalid_level is not defined') not written to csql.err	csql 출력·이력·실행계획 TC 계열 — 원본 재현과 렌더링 호환	https://github.com/xmilex-git/workspace/issues/225	recheck_required
_06_issues/_15_1h/bug_bts_14565	H	core file found on host after test run (2 occurrences)	코어·MERGE·클라이언트 kill TC 계열 — 종료 시그니처 판정	https://github.com/xmilex-git/workspace/issues/229	recheck_required
_06_issues/_15_1h/bug_bts_14752	A	cubrid statdump missing a 'WORKER,PAGE' statistics section	CAS·SHARD 가정 TC 이행 — 상태 조회·프로세스·로그 기대값 갱신	https://github.com/xmilex-git/workspace/issues/223	recheck_required
_06_issues/_15_1h/bug_bts_16933	C	'SET autocommit off' invalid-system-parameter error text not written to csql.err	csql 출력·이력·실행계획 TC 계열 — 원본 재현과 렌더링 호환	https://github.com/xmilex-git/workspace/issues/225	recheck_required
_06_issues/_15_1h/bug_bts_17026	E	BEFORE INSERT trigger 'execute print' action produces zero output across 5 cases (expected 6 'a' lines each)	csql 출력·이력·실행계획 TC 계열 — 원본 재현과 렌더링 호환	https://github.com/xmilex-git/workspace/issues/225	recheck_required
_06_issues/_15_1h/bug_bts_7462_2	F	Test_7462_1 (lock_timeout=-1 scenario) hangs, harness kills the script after ~1205s	PL/CSQL·JavaSP·대기 TC 계열 — isolation·콜백·동시 접속	https://github.com/xmilex-git/workspace/issues/228	recheck_required
_06_issues/_15_1h/bug_bts_8682	E	'Statistics updated successfully:  table,  columns.' summary lines (with counts) missing from actual output	csql 출력·이력·실행계획 TC 계열 — 원본 재현과 렌더링 호환	https://github.com/xmilex-git/workspace/issues/225	recheck_required
_06_issues/_15_2h/bug_bts_16113	C	'Isolation level set to:' / level-name confirmation lines missing entirely from csql session-command output (3 cases)	csql 출력·이력·실행계획 TC 계열 — 원본 재현과 렌더링 호환	https://github.com/xmilex-git/workspace/issues/225	recheck_required
_06_issues/_15_2h/bug_bts_17534	H	core file found on host after test run (2 occurrences)	코어·MERGE·클라이언트 kill TC 계열 — 종료 시그니처 판정	https://github.com/xmilex-git/workspace/issues/229	recheck_required
_06_issues/_15_2h/bug_bts_17595_2	A	old bundled JDBC driver jar (JDBC-9.3.0.0206) cannot connect at all against the merged server	CAS·SHARD 가정 TC 이행 — 상태 조회·프로세스·로그 기대값 갱신	https://github.com/xmilex-git/workspace/issues/223	recheck_required
_06_issues/_16_2h/cbrd_20510	UNEXECUTED	was unexecuted (node hang) in prior run	csql 출력·이력·실행계획 TC 계열 — 원본 재현과 렌더링 호환	https://github.com/xmilex-git/workspace/issues/225	recheck_required
_06_issues/_17_1h/cbrd_20145_1	A	communication_histogram=yes debug stats (';plan'/';lock'/histogram dumps, 'Histogram of client requests') no longer produced by thin csql	CAS·SHARD 가정 TC 이행 — 상태 조회·프로세스·로그 기대값 갱신	https://github.com/xmilex-git/workspace/issues/223	recheck_required
_06_issues/_17_1h/cbrd_20149_cache_clones	E	XASL cache dump 'sql user text' now includes trailing ';' and an extra blank line vs. answer	csql 출력·이력·실행계획 TC 계열 — 원본 재현과 렌더링 호환	https://github.com/xmilex-git/workspace/issues/225	recheck_required
_06_issues/_17_1h/cbrd_20149_cache_work	E	same as cbrd_20149_cache_clones: XASL cache 'sql user text' includes trailing ';' + extra blank line	csql 출력·이력·실행계획 TC 계열 — 원본 재현과 렌더링 호환	https://github.com/xmilex-git/workspace/issues/225	recheck_required
_06_issues/_17_1h/cbrd_20149_ddl	E	same trailing-';' XASL cache text diff, plus cache entries appear in a different order than answer	csql 출력·이력·실행계획 TC 계열 — 원본 재현과 렌더링 호환	https://github.com/xmilex-git/workspace/issues/225	recheck_required
_06_issues/_17_1h/cbrd_20149_filter	NEW		csql 출력·이력·실행계획 TC 계열 — 원본 재현과 렌더링 호환	https://github.com/xmilex-git/workspace/issues/225	recheck_required
_06_issues/_17_1h/cbrd_20149_recompile	E	same trailing-';' XASL cache text diff as the other cbrd_20149 siblings	csql 출력·이력·실행계획 TC 계열 — 원본 재현과 렌더링 호환	https://github.com/xmilex-git/workspace/issues/225	recheck_required
_06_issues/_17_1h/cbrd_20149_xasl	NEW		csql 출력·이력·실행계획 TC 계열 — 원본 재현과 렌더링 호환	https://github.com/xmilex-git/workspace/issues/225	recheck_required
_06_issues/_17_1h/cbrd_20654	L	error.log has content but the redirect/content is not visible in the captured console output	미분류·신규 NOK TC 재판정 — 실제 diff로 담당 계열 확정	https://github.com/xmilex-git/workspace/issues/233	recheck_required
_06_issues/_17_1h/cbrd_20759/hide_cubrid_replay	A	cubrid_replay tool: broker SQL log file not found / cci connect error, so replay produces no output where a masked-password line was expecte	CAS·SHARD 가정 TC 이행 — 상태 조회·프로세스·로그 기대값 갱신	https://github.com/xmilex-git/workspace/issues/223	recheck_required
_06_issues/_18_1h/bug_bts_13845	A	'kill <tranid>' / 'kill query' / 'kill transaction' csql statements no longer interrupt the target session (all 14 sub-cases NOK)	CAS·SHARD 가정 TC 이행 — 상태 조회·프로세스·로그 기대값 갱신	https://github.com/xmilex-git/workspace/issues/223	recheck_required
_06_issues/_18_1h/bug_bts_14303	A	killquery.sql / 'kill' statement doesn't interrupt a long-running 'select sleep(300)' session; no '1 transaction killed' confirmation	CAS·SHARD 가정 TC 이행 — 상태 조회·프로세스·로그 기대값 갱신	https://github.com/xmilex-git/workspace/issues/223	recheck_required
_06_issues/_18_1h/bug_bts_14305	A	same 'kill <tranid>' failure signature as bug_bts_13845/14303 - target session not aborted, no '1 transaction killed' message	CAS·SHARD 가정 TC 이행 — 상태 조회·프로세스·로그 기대값 갱신	https://github.com/xmilex-git/workspace/issues/223	recheck_required
_06_issues/_18_1h/cbrd_22118/01_general	C	'update statistics ... on column' no longer prints the 'Statistics updated successfully: N table, M column(s).' confirmation line	csql 출력·이력·실행계획 TC 계열 — 원본 재현과 렌더링 호환	https://github.com/xmilex-git/workspace/issues/225	recheck_required
_06_issues/_18_2h/cbrd_22538	NEW		미분류·신규 NOK TC 재판정 — 실제 diff로 담당 계열 확정	https://github.com/xmilex-git/workspace/issues/233	recheck_required
_06_issues/_20_1h/cbrd_23613_1	A	'cubrid broker start/stop' now fails outright for a DIRECT_HANDOFF+SSL config unless a new DIRECT_HANDOFF_SSL_DB parameter is set, breaking	CAS·SHARD 가정 TC 이행 — 상태 조회·프로세스·로그 기대값 갱신	https://github.com/xmilex-git/workspace/issues/223	recheck_required
_06_issues/_20_1h/cbrd_23613_4	NEW		미분류·신규 NOK TC 재판정 — 실제 diff로 담당 계열 확정	https://github.com/xmilex-git/workspace/issues/233	recheck_required
_06_issues/_20_1h/cbrd_23613_5	A	identical DIRECT_HANDOFF_SSL_DB broker-start failure as cbrd_23613_1	CAS·SHARD 가정 TC 이행 — 상태 조회·프로세스·로그 기대값 갱신	https://github.com/xmilex-git/workspace/issues/223	recheck_required
_06_issues/_20_1h/cbrd_23633	F	test's single sub-case (a raw java proxy forwarding to port 13091, then a custom java client) eventually reports OK but the whole script tak	PL/CSQL·JavaSP·대기 TC 계열 — isolation·콜백·동시 접속	https://github.com/xmilex-git/workspace/issues/228	recheck_required
_06_issues/_20_2h/cbrd_23688_1	A	identical DIRECT_HANDOFF_SSL_DB broker-start failure blocking all 3 sub-cases	CAS·SHARD 가정 TC 이행 — 상태 조회·프로세스·로그 기대값 갱신	https://github.com/xmilex-git/workspace/issues/223	recheck_required
_06_issues/_20_2h/cbrd_23688_4	A	same DIRECT_HANDOFF_SSL_DB broker-start failure	CAS·SHARD 가정 TC 이행 — 상태 조회·프로세스·로그 기대값 갱신	https://github.com/xmilex-git/workspace/issues/223	recheck_required
_06_issues/_20_2h/cbrd_23688_5	A	same DIRECT_HANDOFF_SSL_DB broker-start failure	CAS·SHARD 가정 TC 이행 — 상태 조회·프로세스·로그 기대값 갱신	https://github.com/xmilex-git/workspace/issues/223	recheck_required
_06_issues/_20_2h/cbrd_23722	F	same java-proxy-to-server pattern as cbrd_23633: sub-case 1 passes quickly but the overall script hangs past the 10-minute CTP timeout with	PL/CSQL·JavaSP·대기 TC 계열 — isolation·콜백·동시 접속	https://github.com/xmilex-git/workspace/issues/228	recheck_required
_06_issues/_20_2h/cbrd_23732	C	same 'Statistics updated successfully: 1 table, 2 columns.' confirmation message missing as in cbrd_22118/01_general	csql 출력·이력·실행계획 TC 계열 — 원본 재현과 렌더링 호환	https://github.com/xmilex-git/workspace/issues/225	recheck_required
_06_issues/_21_1h/cbrd_23850	C	session command output for isolation level ('Isolation level set to: / REPEATABLE READ') missing from csql output	csql 출력·이력·실행계획 TC 계열 — 원본 재현과 렌더링 호환	https://github.com/xmilex-git/workspace/issues/225	recheck_required
_06_issues/_21_1h/cbrd_23860	A	'cubrid broker changer' (live parameter change) for SQL_LOG_MAX_SIZE reports no 'OK' and the value never actually updates from 100 to 200	CAS·SHARD 가정 TC 이행 — 상태 조회·프로세스·로그 기대값 갱신	https://github.com/xmilex-git/workspace/issues/223	recheck_required
_06_issues/_21_1h/cbrd_23879	C	same 'Statistics updated successfully: 4 tables, 8 columns.' confirmation message missing	csql 출력·이력·실행계획 TC 계열 — 원본 재현과 렌더링 호환	https://github.com/xmilex-git/workspace/issues/225	recheck_required
_06_issues/_21_1h/cbrd_23991	A	test tries to kill the CAS process by name ('xkill cub_cas') to force-close a holdable cursor's session; no cub_cas process exists so nothin	CAS·SHARD 가정 TC 이행 — 상태 조회·프로세스·로그 기대값 갱신	https://github.com/xmilex-git/workspace/issues/223	recheck_required
_06_issues/_21_2h/cbrd_23956	C	expected 'ERROR CODE = -550' annotation (for a MERGE 'multiple rows match' error) is missing from csql.err; grep count is 0 instead of 2	csql 출력·이력·실행계획 TC 계열 — 원본 재현과 렌더링 호환	https://github.com/xmilex-git/workspace/issues/225	recheck_required
_06_issues/_21_2h/cbrd_24119	NEW		미분류·신규 NOK TC 재판정 — 실제 diff로 담당 계열 확정	https://github.com/xmilex-git/workspace/issues/233	recheck_required
_06_issues/_22_2h/cbrd_24517	A	broker_log_top tool can't find the broker sql_log file at all ('No such file or directory'), same missing sql_log signature as cbrd_23915/cb	CAS·SHARD 가정 TC 이행 — 상태 조회·프로세스·로그 기대값 갱신	https://github.com/xmilex-git/workspace/issues/223	recheck_required
_06_issues/_23_1h/cbrd_24644	A	num_tran_rollbacks statistic is inflated by exactly the number of separate short-lived 'csql -c' single-statement connections (40 extra roll	CAS·SHARD 가정 TC 이행 — 상태 조회·프로세스·로그 기대값 갱신	https://github.com/xmilex-git/workspace/issues/223	recheck_required
_06_issues/_23_1h/cbrd_24668	C	same 'Statistics updated successfully: 1 table, 2 columns.' confirmation message missing	csql 출력·이력·실행계획 TC 계열 — 원본 재현과 렌더링 호환	https://github.com/xmilex-git/workspace/issues/225	recheck_required
_06_issues/_23_2h/cbrd_24679	A	broker sql_log file broker1_1.sql.log does not exist	CAS·SHARD 가정 TC 이행 — 상태 조회·프로세스·로그 기대값 갱신	https://github.com/xmilex-git/workspace/issues/223	recheck_required
_06_issues/_24_1h/cbrd_25337	A	ddl_audit log file csql_<db>_ddl.log never created; later 'cannot connect to the broker'	CAS·SHARD 가정 TC 이행 — 상태 조회·프로세스·로그 기대값 갱신	https://github.com/xmilex-git/workspace/issues/223	recheck_required
_06_issues/_24_1h/cbrd_25360	UNEXECUTED	was unexecuted (node hang) in prior run	미분류·신규 NOK TC 재판정 — 실제 diff로 담당 계열 확정	https://github.com/xmilex-git/workspace/issues/233	recheck_required
_06_issues/_24_2h/cbrd_24407	C	lock_timeout session parameter always reports -1 instead of the set value	세션·설정 파일 TC 계열 — client-only 값·locale·설정 우선순위	https://github.com/xmilex-git/workspace/issues/226	recheck_required
_06_issues/_24_2h/cbrd_25078	A	db_user.last_access_time/host/program (show access status / login() method) stays NULL after connect	CAS·SHARD 가정 TC 이행 — 상태 조회·프로세스·로그 기대값 갱신	https://github.com/xmilex-git/workspace/issues/223	recheck_required
_06_issues/_24_2h/cbrd_25511	A	CM getlogfileinfo returns 0 log file paths for broker1 (previously listed per-CAS sql/error logs)	CAS·SHARD 가정 TC 이행 — 상태 조회·프로세스·로그 기대값 갱신	https://github.com/xmilex-git/workspace/issues/223	recheck_required
_06_issues/_25_1h/cbrd_25932	C	';con <invalid_user>' error ordering/text differs: extra blank+immediate error, generic 'No error message available' where a specific messag	csql 출력·이력·실행계획 TC 계열 — 원본 재현과 렌더링 호환	https://github.com/xmilex-git/workspace/issues/225	recheck_required
_06_issues/_25_2h/cbrd_26247	B	cub_manager (CM) aborts in cuberr::context::get_thread_local_context during db_restart/boot_restart_client, from a client CM REST call	CS·CCI·접속 오류 TC 계열 — 유틸 접속·재시도·결과 정합성	https://github.com/xmilex-git/workspace/issues/227	recheck_required
_06_issues/_25_2h/cbrd_26445	NEW		CS·CCI·접속 오류 TC 계열 — 유틸 접속·재시도·결과 정합성	https://github.com/xmilex-git/workspace/issues/227	recheck_required
_06_issues/_26_1h/cbrd_26745	A	TC explicitly checks for a CAS process (broker1_cub_cas) that no longer exists	CAS·SHARD 가정 TC 이행 — 상태 조회·프로세스·로그 기대값 갱신	https://github.com/xmilex-git/workspace/issues/223	recheck_required
_07_index_enhancement/_04_topn_prepare_stmt	A	xasl_debug_dump '<reset:...>' plan-reset debug markers never appear in csql client output	CAS·SHARD 가정 TC 이행 — 상태 조회·프로세스·로그 기대값 갱신	https://github.com/xmilex-git/workspace/issues/223	recheck_required
_07_index_enhancement/_05_topn_limit_external_sort	A	same xasl_debug_dump '<reset:...>' marker missing pattern as _04_topn_prepare_stmt	CAS·SHARD 가정 TC 이행 — 상태 조회·프로세스·로그 기대값 갱신	https://github.com/xmilex-git/workspace/issues/223	recheck_required
_10_plcsql/bug_fix/cbrd_25868	G	rows from a background PL/CSQL rollback/kill-mid-transaction case are NOT rolled back (extra rows 117-120 persist)	CS·CCI·접속 오류 TC 계열 — 유틸 접속·재시도·결과 정합성	https://github.com/xmilex-git/workspace/issues/227	recheck_required
_10_plcsql/cbrd_24731/cbrd_24871/cbrd_24871_plcsql	NEW		PL/CSQL·JavaSP·대기 TC 계열 — isolation·콜백·동시 접속	https://github.com/xmilex-git/workspace/issues/228	recheck_required
_10_plcsql/cbrd_24731/plcsql_owners_rights/cbrd_25072_func	I	expected 'There was an update on history table' trigger/DBMS_OUTPUT line missing from output (owners_rights function test)	PL/CSQL·JavaSP·대기 TC 계열 — isolation·콜백·동시 접속	https://github.com/xmilex-git/workspace/issues/228	recheck_required
_10_plcsql/cbrd_25668	H	cub_server crashes at startup in cubsocket::epoll::wait / cubconn::master::connector::run during css_init (2 separate core dumps)	코어·MERGE·클라이언트 kill TC 계열 — 종료 시그니처 판정	https://github.com/xmilex-git/workspace/issues/229	recheck_required
_10_plcsql/cbrd_25732	NEW		PL/CSQL·JavaSP·대기 TC 계열 — isolation·콜백·동시 접속	https://github.com/xmilex-git/workspace/issues/228	recheck_required
_10_plcsql/isolation_commit_rollback/_01_read_committed/test01	F	second concurrent csql session's SELECT never returns after first session commits via a stored procedure (READ COMMITTED visibility test)	PL/CSQL·JavaSP·대기 TC 계열 — isolation·콜백·동시 접속	https://github.com/xmilex-git/workspace/issues/228	recheck_required
_10_plcsql/isolation_commit_rollback/_01_read_committed/test02	F	same signature as test01: second session's SELECT after first session's stored-proc commit times out	PL/CSQL·JavaSP·대기 TC 계열 — isolation·콜백·동시 접속	https://github.com/xmilex-git/workspace/issues/228	recheck_required
_10_plcsql/isolation_commit_rollback/_01_read_committed/test03	F	same signature as test01: second session's SELECT after first session's stored-proc commit times out	PL/CSQL·JavaSP·대기 TC 계열 — isolation·콜백·동시 접속	https://github.com/xmilex-git/workspace/issues/228	recheck_required
_10_plcsql/isolation_commit_rollback/_01_read_committed/test04	F	same signature as test01: second session's SELECT after first session's stored-proc commit times out	PL/CSQL·JavaSP·대기 TC 계열 — isolation·콜백·동시 접속	https://github.com/xmilex-git/workspace/issues/228	recheck_required
_10_plcsql/isolation_commit_rollback/_01_read_committed/test05	F	same signature as test01: second session's SELECT after first session's stored-proc commit times out	PL/CSQL·JavaSP·대기 TC 계열 — isolation·콜백·동시 접속	https://github.com/xmilex-git/workspace/issues/228	recheck_required
_10_plcsql/isolation_commit_rollback/_01_read_committed/test08	F	same signature as test01: second session's SELECT after first session's stored-proc commit times out	PL/CSQL·JavaSP·대기 TC 계열 — isolation·콜백·동시 접속	https://github.com/xmilex-git/workspace/issues/228	recheck_required
_10_plcsql/isolation_commit_rollback/_01_read_committed/test10	F	same signature as test01: second session's SELECT after first session's stored-proc commit times out	PL/CSQL·JavaSP·대기 TC 계열 — isolation·콜백·동시 접속	https://github.com/xmilex-git/workspace/issues/228	recheck_required
_10_plcsql/isolation_commit_rollback/_01_read_committed/test13	F	same signature as test01: second session's SELECT after first session's stored-proc commit times out	PL/CSQL·JavaSP·대기 TC 계열 — isolation·콜백·동시 접속	https://github.com/xmilex-git/workspace/issues/228	recheck_required
_10_plcsql/isolation_commit_rollback/_01_read_committed/test14	F	same signature as test01: second session's SELECT after first session's stored-proc commit times out	PL/CSQL·JavaSP·대기 TC 계열 — isolation·콜백·동시 접속	https://github.com/xmilex-git/workspace/issues/228	recheck_required
_10_plcsql/isolation_commit_rollback/_01_read_committed/test15	F	same signature as test01: second session's SELECT after first session's stored-proc commit times out	PL/CSQL·JavaSP·대기 TC 계열 — isolation·콜백·동시 접속	https://github.com/xmilex-git/workspace/issues/228	recheck_required
_10_plcsql/isolation_commit_rollback/_01_read_committed/test17	F	same signature as test01: second session's SELECT after first session's stored-proc commit times out	PL/CSQL·JavaSP·대기 TC 계열 — isolation·콜백·동시 접속	https://github.com/xmilex-git/workspace/issues/228	recheck_required
_11_codecoverage/system_parameter/broker_file	A	TC counts `ps ux \	CAS·SHARD 가정 TC 이행 — 상태 조회·프로세스·로그 기대값 갱신	https://github.com/xmilex-git/workspace/issues/223	recheck_required
_12_javasp/case_caution_01	I	recursive Java stored-procedure call sp_sum(16) does not produce expected sum 136 in csql output	PL/CSQL·JavaSP·대기 TC 계열 — isolation·콜백·동시 접속	https://github.com/xmilex-git/workspace/issues/228	recheck_required
_22_news_service_mysql_compatibility/_01_regular_expression/_01_basic_test_04	L	regexp POSIX collating-element test output truncated/diverges partway through a long batch of queries	미분류·신규 NOK TC 재판정 — 실제 diff로 담당 계열 확정	https://github.com/xmilex-git/workspace/issues/233	recheck_required
_23_mysql_compatibility/_01_config/param_ansi_quotes	L	with compat_mode=cubrid, an ansi_quotes-dependent quoted-identifier CREATE/DROP TABLE sequence produces 0 successful commands instead of 2 (	세션·설정 파일 TC 계열 — client-only 값·locale·설정 우선순위	https://github.com/xmilex-git/workspace/issues/226	recheck_required
_24_apricot/_08_I18N/_02_msg_lang/_03_api_01	G	localized (CUBRID_MSG_LANG=ko_KR/en_US) JDBC connect-failure message no longer matches expected 'host localhost' pattern in either language	CS·CCI·접속 오류 TC 계열 — 유틸 접속·재시도·결과 정합성	https://github.com/xmilex-git/workspace/issues/227	recheck_required
_26_apricot_qa/_04_i18/general/_00_issues/bug_bts_9098	E	SET SYSTEM PARAMETERS (intl_date_lang/intl_number_lang=en_US) not visible on a subsequent GET (session parameter not persisted)	세션·설정 파일 TC 계열 — client-only 값·locale·설정 우선순위	https://github.com/xmilex-git/workspace/issues/226	recheck_required
_28_features_844/issue_10676_caserror	A	broker sql_log files broker1_1.sql.log / broker1_1.slow.log missing, so JDBC connect-error audit trail (error codes -171/-165) is entirely a	CAS·SHARD 가정 TC 이행 — 상태 조회·프로세스·로그 기대값 갱신	https://github.com/xmilex-git/workspace/issues/223	recheck_required
_28_features_844/issue_10986_eventlog/_01_eventlog_slowquery	A	slow-query server event log missing the 'sql: ...' line for a query that should be logged as a slow query	CAS·SHARD 가정 TC 이행 — 상태 조회·프로세스·로그 기대값 갱신	https://github.com/xmilex-git/workspace/issues/223	recheck_required
_28_features_844/issue_10986_eventlog/_03_eventlog_tempvolume	A	EXTEND_VOLUME_INFO event-log entries (with client/sql/time/pages fields) missing from expand.txt	CAS·SHARD 가정 TC 이행 — 상태 조회·프로세스·로그 기대값 갱신	https://github.com/xmilex-git/workspace/issues/223	recheck_required
_28_features_844/issue_11202_temp_volume_create	A	same EXTEND_VOLUME_INFO missing-entry pattern as _03_eventlog_tempvolume	CAS·SHARD 가정 TC 이행 — 상태 조회·프로세스·로그 기대값 갱신	https://github.com/xmilex-git/workspace/issues/223	recheck_required
_29_features_920/issue_10952_set_names/_02_user_authorization	E	many SET SYSTEM PARAMETERS values (add_column_update_hard_default, block_ddl_statement, intl_date_lang, string_max_size_bytes, etc.) revert	세션·설정 파일 TC 계열 — client-only 값·locale·설정 우선순위	https://github.com/xmilex-git/workspace/issues/226	recheck_required
_29_features_920/issue_10952_set_names/_03_session_persistence	A	broker status 'OFF' appl-server count polling never converges from 2 to 1 (CAS on/off status semantics no longer apply); very long runtime (	CAS·SHARD 가정 TC 이행 — 상태 조회·프로세스·로그 기대값 갱신	https://github.com/xmilex-git/workspace/issues/223	recheck_required
_30_banana_qa/issue_10929_load_config_file/_01_normal_test	L	cubrid.conf precedence tests (only db-conf, only local conf, CUBRID_CONF_FILE variants) now connect successfully where the TC expects them t	세션·설정 파일 TC 계열 — client-only 값·locale·설정 우선순위	https://github.com/xmilex-git/workspace/issues/226	recheck_required
_30_banana_qa/issue_13845_kill/_01_test_by_cci	H	cub_server core dump in cubconn::master::connector::execute / cubsocket::epoll::wait during kill/timeout scenario	코어·MERGE·클라이언트 kill TC 계열 — 종료 시그니처 판정	https://github.com/xmilex-git/workspace/issues/229	recheck_required
_30_banana_qa/issue_14036_show_job_queue/_03_killtran	A	test.sh loops killtran using awk-parsed column 1 of 'cubrid tranlist' output to find ACTIVE tran index; loop never terminates, causing a 20-	CAS·SHARD 가정 TC 이행 — 상태 조회·프로세스·로그 기대값 갱신	https://github.com/xmilex-git/workspace/issues/223	recheck_required
_30_banana_qa/issue_14038_show_threads/_01_basic	A	hardcoded 'show threads' total/worker thread counts off by a fixed delta (218 vs expected 217, 205 vs expected 204) due to new server-side w	CAS·SHARD 가정 TC 이행 — 상태 조회·프로세스·로그 기대값 갱신	https://github.com/xmilex-git/workspace/issues/223	recheck_required
_30_banana_qa/issue_14038_show_threads/_02_extend_01	UNEXECUTED	was unexecuted (node hang) in prior run	미분류·신규 NOK TC 재판정 — 실제 diff로 담당 계열 확정	https://github.com/xmilex-git/workspace/issues/233	recheck_required
_30_banana_qa/issue_14038_show_threads/_02_extend_03	A	same show-threads hardcoded thread-count family as _01_basic (multiple NOK cases at start of run)	CAS·SHARD 가정 TC 이행 — 상태 조회·프로세스·로그 기대값 갱신	https://github.com/xmilex-git/workspace/issues/223	recheck_required
_30_banana_qa/issue_14039_show_tran_tables/_02_extend_01	A	same Client_program='driver_session' vs 'csql' mismatch as _01_basic	CAS·SHARD 가정 TC 이행 — 상태 조회·프로세스·로그 기대값 갱신	https://github.com/xmilex-git/workspace/issues/223	recheck_required
_30_banana_qa/issue_14187_timezone_compatibility/01_server_db_compatibility	C	expected client-side message 'Incompatible timezone data: csql has different checksum from server' no longer appears in csql.log/csql.err	csql 출력·이력·실행계획 TC 계열 — 원본 재현과 렌더링 호환	https://github.com/xmilex-git/workspace/issues/225	recheck_required
_32_features_930/issue_12505_show_volume_header/_03_syntax_check	NEW		loaddb·쿼리 결과·관리 유틸 TC 계열 — serial·덤프·시맨틱 정합성	https://github.com/xmilex-git/workspace/issues/230	recheck_required
_32_features_930/issue_12508_show_slotted_page/_01_show_slotted_page_header/_02_basic_check	C	expected SQL error text ('Cannot find the page...', 'Argument page is missing') is printed to stdout but not captured into csql.err, which t	csql 출력·이력·실행계획 TC 계열 — 원본 재현과 렌더링 호환	https://github.com/xmilex-git/workspace/issues/225	recheck_required
_32_features_930/issue_12508_show_slotted_page/_02_show_slotted_page_slots/_02_basic_check	NEW		loaddb·쿼리 결과·관리 유틸 TC 계열 — serial·덤프·시맨틱 정합성	https://github.com/xmilex-git/workspace/issues/230	recheck_required
_33_mvcc_issues/_15_1h/bug_bts_16695	NEW		미분류·신규 NOK TC 재판정 — 실제 diff로 담당 계열 확정	https://github.com/xmilex-git/workspace/issues/233	recheck_required
_35_cherry/cbrd_22705_online_index_parallel/_03_check_index_filter	NEW		미분류·신규 NOK TC 재판정 — 실제 diff로 담당 계열 확정	https://github.com/xmilex-git/workspace/issues/233	recheck_required
_35_cherry/cbrd_22705_online_index_parallel/_03_check_index_normal	A	test explicitly sets broker MIN_NUM_APPL_SERVER/MAX_NUM_APPL_SERVER=100 to control CAS concurrency for an online-index race test; java clien	CAS·SHARD 가정 TC 이행 — 상태 조회·프로세스·로그 기대값 갱신	https://github.com/xmilex-git/workspace/issues/223	recheck_required
_35_cherry/issue_21654_server_side_loaddb/bigdata_alltype_test	G	csql fails with 'ERROR: server connection error' immediately after a large cubrid loaddb (16384 objects) into two different databases	CS·CCI·접속 오류 TC 계열 — 유틸 접속·재시도·결과 정합성	https://github.com/xmilex-git/workspace/issues/227	recheck_required
_35_cherry/issue_21654_server_side_loaddb/loaddb_CS/_01_utility/_17_loaddb/itrack_10009	NEW		loaddb·쿼리 결과·관리 유틸 TC 계열 — serial·덤프·시맨틱 정합성	https://github.com/xmilex-git/workspace/issues/230	recheck_required
_35_cherry/issue_21654_server_side_loaddb/loaddb_CS/_06_issues/_11_2h/bug_bts_5784	A	prepare-error message's trailing '[CAS INFO-127.0.0.1:13091,1,N]' connection-slot id differs from the recorded answer (2 vs 1); rest of the	CAS·SHARD 가정 TC 이행 — 상태 조회·프로세스·로그 기대값 갱신	https://github.com/xmilex-git/workspace/issues/223	recheck_required
_35_cherry/issue_22015_QEWC/big_data_1	A	QEWC (Query Executed With Commit) check greps server .err log for 'stran_server_auto_commit_or_abort: transaction committed.' after each JDB	CAS·SHARD 가정 TC 이행 — 상태 조회·프로세스·로그 기대값 갱신	https://github.com/xmilex-git/workspace/issues/223	recheck_required
_35_cherry/issue_22015_QEWC/big_data_2	A	same missing 'stran_server_auto_commit_or_abort: transaction committed.' log message as big_data_1	CAS·SHARD 가정 TC 이행 — 상태 조회·프로세스·로그 기대값 갱신	https://github.com/xmilex-git/workspace/issues/223	recheck_required
_35_cherry/issue_22015_QEWC/cci_api	A	same missing 'stran_server_auto_commit_or_abort: transaction committed.' log lines drive multiple Test Fail entries across execute/prepare_a	CAS·SHARD 가정 TC 이행 — 상태 조회·프로세스·로그 기대값 갱신	https://github.com/xmilex-git/workspace/issues/223	recheck_required
_35_cherry/issue_22015_QEWC/cci_ds	A	same missing autocommit-notice log lines as cci_api (27 occurrences of the marker string found only on the expected/answer side)	CAS·SHARD 가정 TC 이행 — 상태 조회·프로세스·로그 기대값 갱신	https://github.com/xmilex-git/workspace/issues/223	recheck_required
_35_cherry/issue_22015_QEWC/cci_holdability	A	same missing autocommit-notice log lines pattern (12 occurrences on expected side)	CAS·SHARD 가정 TC 이행 — 상태 조회·프로세스·로그 기대값 갱신	https://github.com/xmilex-git/workspace/issues/223	recheck_required
_35_cherry/issue_22015_QEWC/error_test_1	A	checkQEWC(true, sql) fails for a select-after-error case; underlying cause is the same missing commit-notice log marker (0 occurrences anywh	CAS·SHARD 가정 TC 이행 — 상태 조회·프로세스·로그 기대값 갱신	https://github.com/xmilex-git/workspace/issues/223	recheck_required
_35_cherry/issue_22015_QEWC/error_test_2	A	same QEWC commit-notice-log-missing family as error_test_1	CAS·SHARD 가정 TC 이행 — 상태 조회·프로세스·로그 기대값 갱신	https://github.com/xmilex-git/workspace/issues/223	recheck_required
_35_cherry/issue_22015_QEWC/holdability_1	A	same QEWC commit-notice-log-missing family	CAS·SHARD 가정 TC 이행 — 상태 조회·프로세스·로그 기대값 갱신	https://github.com/xmilex-git/workspace/issues/223	recheck_required
_35_cherry/issue_22015_QEWC/holdability_2	A	same QEWC commit-notice-log-missing family	CAS·SHARD 가정 TC 이행 — 상태 조회·프로세스·로그 기대값 갱신	https://github.com/xmilex-git/workspace/issues/223	recheck_required
_35_cherry/issue_22015_QEWC/jdbc_api	NEW		미분류·신규 NOK TC 재판정 — 실제 diff로 담당 계열 확정	https://github.com/xmilex-git/workspace/issues/233	recheck_required
_35_cherry/issue_22015_QEWC/jdbc_dbcp	A	same QEWC commit-notice-log-missing family (DBCP pooled connections)	CAS·SHARD 가정 TC 이행 — 상태 조회·프로세스·로그 기대값 갱신	https://github.com/xmilex-git/workspace/issues/223	recheck_required
_35_cherry/issue_22015_QEWC/multi_queries_1	NEW		미분류·신규 NOK TC 재판정 — 실제 diff로 담당 계열 확정	https://github.com/xmilex-git/workspace/issues/233	recheck_required
_35_cherry/issue_22015_QEWC/operation_type	A	same QEWC commit-notice-log-missing family, 18 occurrences of the marker found only on the expected side across many cases	CAS·SHARD 가정 TC 이행 — 상태 조회·프로세스·로그 기대값 갱신	https://github.com/xmilex-git/workspace/issues/223	recheck_required
_36_damson/cbrd_23726/csqltest	A	ddl_audit log format changed ('elapsed time N.NNN auto_commit' lines missing, replaced by bare 'auto_commit <STATEMENT>' lines) and one file	CAS·SHARD 가정 TC 이행 — 상태 조회·프로세스·로그 기대값 갱신	https://github.com/xmilex-git/workspace/issues/223	recheck_required
_37_elderberry/apis_869_jdbc_property	A	test greps the per-CAS broker sql log (broker1_1.sql.log) for each JDBC URL property; the file no longer exists, so every property check fai	CAS·SHARD 가정 TC 이행 — 상태 조회·프로세스·로그 기대값 갱신	https://github.com/xmilex-git/workspace/issues/223	recheck_required
_37_elderberry/cbrd_23845_synonym/cbrd_24335	L	expected SQL/DDL trail log for synonym statements is completely empty (0 lines vs 19 expected)	운영 호환 구현 잔여 — 로그·동적 제어·접속 종류·query replace	https://github.com/xmilex-git/workspace/issues/222	recheck_required
_37_elderberry/cbrd_23846_javasp/cbrd_23846_CS	I	nested stored-procedure recursion depth error message has different repetition count of 'Stored procedure execute error:' prefix	PL/CSQL·JavaSP·대기 TC 계열 — isolation·콜백·동시 접속	https://github.com/xmilex-git/workspace/issues/228	recheck_required
_38_fig/cbrd_24396	E	ignore-index hint with two named indexes does not raise expected Semantic: error	loaddb·쿼리 결과·관리 유틸 TC 계열 — serial·덤프·시맨틱 정합성	https://github.com/xmilex-git/workspace/issues/230	recheck_required
_38_fig/cbrd_24416	A	broker sql_log/error_log directories no longer exist	CAS·SHARD 가정 TC 이행 — 상태 조회·프로세스·로그 기대값 갱신	https://github.com/xmilex-git/workspace/issues/223	recheck_required
_38_fig/cbrd_24563/_01_basic_test_04	C	csql regexp character-class compile-error message has an extra trailing quote/space	csql 출력·이력·실행계획 TC 계열 — 원본 재현과 렌더링 호환	https://github.com/xmilex-git/workspace/issues/225	recheck_required
_38_fig/cbrd_24563/cbrd_24563	E	invalid regexp_engine system-parameter value is not rejected at startup	세션·설정 파일 TC 계열 — client-only 값·locale·설정 우선순위	https://github.com/xmilex-git/workspace/issues/226	recheck_required
_39_fig_cake/cbrd_24438	A	broker password-masked SQL/slow log completely absent	CAS·SHARD 가정 TC 이행 — 상태 조회·프로세스·로그 기대값 갱신	https://github.com/xmilex-git/workspace/issues/223	recheck_required
_39_fig_cake/cbrd_25295	A	test greps `ps` for a cub_cas process name that no longer exists	CAS·SHARD 가정 TC 이행 — 상태 조회·프로세스·로그 기대값 갱신	https://github.com/xmilex-git/workspace/issues/223	recheck_required
_39_fig_cake/cbrd_25452	L	admin dump utilities (vacuumdb --dump, plandump) did not create expected tmp dump files under $CUBRID/tmp	csql 출력·이력·실행계획 TC 계열 — 원본 재현과 렌더링 호환	https://github.com/xmilex-git/workspace/issues/225	recheck_required
_40_guava/cbrd_26401/26401_01	D	JDBC shard client fails to connect and throws NullPointerException instead of completing	CAS·SHARD 가정 TC 이행 — 상태 조회·프로세스·로그 기대값 갱신	https://github.com/xmilex-git/workspace/issues/223	recheck_required
_40_guava/cbrd_26410	L	expected SLOW_QUERY log block and query-plan/statistics terms missing from server .err/.event logs	운영 호환 구현 잔여 — 로그·동적 제어·접속 종류·query replace	https://github.com/xmilex-git/workspace/issues/222	recheck_required
